Original Answer,Answer Special Characters Removed,AI answer,Best Answer,completion_tokens,prompt_tokens,prompt_cost,completion_cost,total_tokens,total_cost,duration,response,Question Number,Law Category,Right Answer,Model,AI Platform,Correct,Timestamp
D,D,,D,524,329,0.000329,0.0023056,853,0.0026346,5.367072343826294,<Response [200]>,1,Civil Procedure,D,o3-mini-high,ChatGPT,True,2025-02-10
D,D,,D,1612,242,0.000242,0.0070928,1854,0.0073348,13.177704095840454,<Response [200]>,2,Civil Procedure,D,o3-mini-high,ChatGPT,True,2025-02-10
C,C,,C,2700,212,0.000212,0.01188,2912,0.012092,24.906842470169067,<Response [200]>,3,Civil Procedure,D,o3-mini-high,ChatGPT,False,2025-02-10
D,D,,D,5261,187,0.000187,0.0231484,5448,0.0233354,46.851330280303955,<Response [200]>,4,Civil Procedure,A,o3-mini-high,ChatGPT,False,2025-02-10
D,D,,D,3980,206,0.000206,0.017512,4186,0.017718,31.42530131340027,<Response [200]>,5,Civil Procedure,C,o3-mini-high,ChatGPT,False,2025-02-10
B,B,,B,2190,314,0.000314,0.009636,2504,0.00995,17.919731378555298,<Response [200]>,6,Civil Procedure,A,o3-mini-high,ChatGPT,False,2025-02-10
D,D,,D,5324,234,0.000234,0.0234256,5558,0.0236596,34.003594160079956,<Response [200]>,7,Civil Procedure,D,o3-mini-high,ChatGPT,True,2025-02-10
B,B,,B,2060,286,0.000286,0.009064,2346,0.00935,13.143836259841919,<Response [200]>,8,Civil Procedure,D,o3-mini-high,ChatGPT,False,2025-02-10
C,C,,C,2444,309,0.000309,0.0107536,2753,0.0110626,22.136672735214233,<Response [200]>,9,Civil Procedure,B,o3-mini-high,ChatGPT,False,2025-02-10
A,A,,A,2636,323,0.000323,0.0115984,2959,0.0119214,20.320247411727905,<Response [200]>,10,Civil Procedure,A,o3-mini-high,ChatGPT,True,2025-02-10
C,C,,C,717,273,0.000273,0.0031548,990,0.0034278,5.323366641998291,<Response [200]>,11,Civil Procedure,C,o3-mini-high,ChatGPT,True,2025-02-10
C,C,,C,3596,263,0.000263,0.0158224,3859,0.0160854,31.90895390510559,<Response [200]>,12,Civil Procedure,D,o3-mini-high,ChatGPT,False,2025-02-10
A,A,,A,1804,268,0.000268,0.0079376,2072,0.0082056,18.999048709869385,<Response [200]>,13,Civil Procedure,A,o3-mini-high,ChatGPT,True,2025-02-10
"B

The reasoning is as follows. The city’s claim is for injunctive relief – an equitable remedy that is properly decided by a judge without a jury. In contrast, the team’s counterclaim seeks money damages—a legal claim that the Seventh Amendment guarantees must be decided by a jury when demanded. Although the parties prefer different sequencing (the city wants its injunction claim tried first to prevent the team’s departure, while the team insists on preserving its jury trial right by having its damages claim tried first), the court has discretion to bifurcate the trial. The proper method is to conduct the judge‐decided equitable (injunction) phase first and then conduct the separate jury trial on the legal counterclaim, taking care that any adjudicated factual determinations in the bench phase are not binding on the jury’s independent fact‐finding in the subsequent phase. That is best captured by answer choice B.",BThereasoningisasfollowsThecitysclaimisforinjunctivereliefanequitableremedythatisproperlydecidedbyajudgewithoutajuryIncontrasttheteamscounterclaimseeksmoneydamagesalegalclaimthattheSeventhAmendmentguaranteesmustbedecidedbyajurywhendemandedAlthoughthepartiespreferdifferentsequencingthecitywantsitsinjunctionclaimtriedfirsttopreventtheteamsdeparturewhiletheteaminsistsonpreservingitsjurytrialrightbyhavingitsdamagesclaimtriedfirstthecourthasdiscretiontobifurcatethetrialThepropermethodistoconductthejudgedecidedequitableinjunctionphasefirstandthenconducttheseparatejurytrialonthelegalcounterclaimtakingcarethatanyadjudicatedfactualdeterminationsinthebenchphasearenotbindingonthejurysindependentfactfindinginthesubsequentphaseThatisbestcapturedbyanswerchoiceB,B,B,6016,345,0.000345,0.0264704,6361,0.0268154,67.28674340248108,<Response [200]>,14,Civil Procedure,A,o3-mini-high,ChatGPT,False,2025-02-10
A,A,,A,2892,211,0.000211,0.0127248,3103,0.0129358,29.11766505241394,<Response [200]>,15,Civil Procedure,C,o3-mini-high,ChatGPT,False,2025-02-10
C,C,,C,7756,302,0.000302,0.0341264,8058,0.0344284,79.6095826625824,<Response [200]>,16,Civil Procedure,B,o3-mini-high,ChatGPT,False,2025-02-10
B,B,,B,1420,346,0.000346,0.006248,1766,0.006594,14.191606521606445,<Response [200]>,17,Civil Procedure,C,o3-mini-high,ChatGPT,False,2025-02-10
D,D,,D,3724,317,0.000317,0.0163856,4041,0.0167026,28.43619656562805,<Response [200]>,18,Civil Procedure,D,o3-mini-high,ChatGPT,True,2025-02-10
D,D,,D,1803,237,0.000237,0.0079332,2040,0.0081702,11.366949796676636,<Response [200]>,19,Civil Procedure,B,o3-mini-high,ChatGPT,False,2025-02-10
C,C,,C,3020,296,0.000296,0.013288,3316,0.013584,21.977031707763672,<Response [200]>,20,Civil Procedure,B,o3-mini-high,ChatGPT,False,2025-02-10
C,C,,C,1166,245,0.000245,0.0051304,1411,0.0053754,8.003715515136719,<Response [200]>,21,Civil Procedure,C,o3-mini-high,ChatGPT,True,2025-02-10
D,D,,D,1356,258,0.000258,0.0059664,1614,0.0062244,8.222093343734741,<Response [200]>,22,Civil Procedure,C,o3-mini-high,ChatGPT,False,2025-02-10
D,D,,D,1228,215,0.000215,0.0054032,1443,0.0056182,14.898645877838135,<Response [200]>,23,Civil Procedure,A,o3-mini-high,ChatGPT,False,2025-02-10
B,B,,B,1804,254,0.000254,0.0079376,2058,0.0081916,15.666304588317871,<Response [200]>,24,Civil Procedure,A,o3-mini-high,ChatGPT,False,2025-02-10
C,C,,C,782,249,0.000249,0.0034408,1031,0.0036898,7.655021667480469,<Response [200]>,25,Civil Procedure,C,o3-mini-high,ChatGPT,True,2025-02-10
D,D,,D,780,264,0.000264,0.003432,1044,0.003696,5.613664865493774,<Response [200]>,26,Civil Procedure,A,o3-mini-high,ChatGPT,False,2025-02-10
D,D,,D,1933,283,0.000283,0.0085052,2216,0.0087882,14.565882205963135,<Response [200]>,27,Civil Procedure,D,o3-mini-high,ChatGPT,True,2025-02-10
D,D,,D,1164,258,0.000258,0.0051216,1422,0.0053796,8.856778383255005,<Response [200]>,28,Civil Procedure,D,o3-mini-high,ChatGPT,True,2025-02-10
D,D,,D,652,202,0.000202,0.0028688,854,0.0030708,5.6555914878845215,<Response [200]>,29,Civil Procedure,D,o3-mini-high,ChatGPT,True,2025-02-10
B,B,,B,1228,273,0.000273,0.0054032,1501,0.0056762,8.63113260269165,<Response [200]>,30,Civil Procedure,B,o3-mini-high,ChatGPT,True,2025-02-10
C,C,,C,1230,362,0.000362,0.005412,1592,0.005774,25.5781831741333,<Response [200]>,31,Constitutional Law,C,o3-mini-high,ChatGPT,True,2025-02-10
B,B,,B,1484,210,0.00021,0.0065296,1694,0.0067396,15.051925897598267,<Response [200]>,32,Constitutional Law,B,o3-mini-high,ChatGPT,True,2025-02-10
C,C,,C,1103,271,0.000271,0.0048532,1374,0.0051242,9.033702850341797,<Response [200]>,33,Constitutional Law,C,o3-mini-high,ChatGPT,True,2025-02-10
B,B,,B,782,314,0.000314,0.0034408,1096,0.0037548,6.5026116371154785,<Response [200]>,34,Constitutional Law,B,o3-mini-high,ChatGPT,True,2025-02-10
B,B,,B,2508,206,0.000206,0.0110352,2714,0.0112412,17.685553073883057,<Response [200]>,35,Constitutional Law,B,o3-mini-high,ChatGPT,True,2025-02-10
A,A,,A,844,235,0.000235,0.0037136,1079,0.0039486,6.504002809524536,<Response [200]>,36,Constitutional Law,A,o3-mini-high,ChatGPT,True,2025-02-10
B,B,,B,971,242,0.000242,0.0042724,1213,0.0045144,8.236448049545288,<Response [200]>,37,Constitutional Law,D,o3-mini-high,ChatGPT,False,2025-02-10
D,D,,D,2059,283,0.000283,0.0090596,2342,0.0093426,13.390882968902588,<Response [200]>,38,Constitutional Law,D,o3-mini-high,ChatGPT,True,2025-02-10
A,A,,A,844,339,0.000339,0.0037136,1183,0.0040526,6.482355833053589,<Response [200]>,39,Constitutional Law,A,o3-mini-high,ChatGPT,True,2025-02-10
C,C,,C,2380,257,0.000257,0.010472,2637,0.010729,18.293030261993408,<Response [200]>,40,Constitutional Law,C,o3-mini-high,ChatGPT,True,2025-02-10
D,D,,D,974,358,0.000358,0.0042856,1332,0.0046436,7.668643951416016,<Response [200]>,41,Constitutional Law,D,o3-mini-high,ChatGPT,True,2025-02-10
C,C,,C,717,210,0.00021,0.0031548,927,0.0033648,6.0008440017700195,<Response [200]>,42,Constitutional Law,C,o3-mini-high,ChatGPT,True,2025-02-10
D,D,,D,1356,199,0.000199,0.0059664,1555,0.0061654,10.568454504013062,<Response [200]>,43,Constitutional Law,D,o3-mini-high,ChatGPT,True,2025-02-10
D,D,,D,1100,285,0.000285,0.00484,1385,0.005125,12.58564305305481,<Response [200]>,44,Constitutional Law,D,o3-mini-high,ChatGPT,True,2025-02-10
A,A,,A,1164,373,0.000373,0.0051216,1537,0.0054946,10.701663255691528,<Response [200]>,45,Constitutional Law,A,o3-mini-high,ChatGPT,True,2025-02-10
C,C,,C,974,338,0.000338,0.0042856,1312,0.0046236,12.858081340789795,<Response [200]>,46,Constitutional Law,C,o3-mini-high,ChatGPT,True,2025-02-10
C,C,,C,1484,354,0.000354,0.0065296,1838,0.0068836,17.70429253578186,<Response [200]>,47,Constitutional Law,C,o3-mini-high,ChatGPT,True,2025-02-10
C,C,,C,1164,269,0.000269,0.0051216,1433,0.0053906,17.26519775390625,<Response [200]>,48,Constitutional Law,B,o3-mini-high,ChatGPT,False,2025-02-10
B,B,,B,908,256,0.000256,0.0039952,1164,0.0042512,16.062706470489502,<Response [200]>,49,Constitutional Law,B,o3-mini-high,ChatGPT,True,2025-02-10
C,C,,C,1868,298,0.000298,0.0082192,2166,0.0085172,29.05123019218445,<Response [200]>,50,Constitutional Law,C,o3-mini-high,ChatGPT,True,2025-02-10
B,B,,B,3214,244,0.000244,0.0141416,3458,0.0143856,57.28724241256714,<Response [200]>,51,Constitutional Law,B,o3-mini-high,ChatGPT,True,2025-02-10
C,C,,C,1934,229,0.000229,0.0085096,2163,0.0087386,14.063326120376587,<Response [200]>,52,Constitutional Law,B,o3-mini-high,ChatGPT,False,2025-02-10
B,B,,B,332,322,0.000322,0.0014608,654,0.0017828,3.635298728942871,<Response [200]>,53,Constitutional Law,B,o3-mini-high,ChatGPT,True,2025-02-10
C,C,,C,524,341,0.000341,0.0023056,865,0.0026466,5.313563346862793,<Response [200]>,54,Constitutional Law,C,o3-mini-high,ChatGPT,True,2025-02-10
B,B,,B,2188,310,0.00031,0.0096272,2498,0.0099372,17.073237895965576,<Response [200]>,55,Constitutional Law,B,o3-mini-high,ChatGPT,True,2025-02-10
D,D,,D,780,259,0.000259,0.003432,1039,0.003691,5.774970531463623,<Response [200]>,56,Constitutional Law,D,o3-mini-high,ChatGPT,True,2025-02-10
B,B,,B,2635,229,0.000229,0.011594,2864,0.011823,29.842552185058594,<Response [200]>,57,Constitutional Law,B,o3-mini-high,ChatGPT,True,2025-02-10
A,A,,A,1998,325,0.000325,0.0087912,2323,0.0091162,16.96065855026245,<Response [200]>,58,Constitutional Law,A,o3-mini-high,ChatGPT,True,2025-02-10
A,A,,A,1356,238,0.000238,0.0059664,1594,0.0062044,8.538269519805908,<Response [200]>,59,Constitutional Law,A,o3-mini-high,ChatGPT,True,2025-02-10
B,B,,B,1676,262,0.000262,0.0073744,1938,0.0076364,16.51625943183899,<Response [200]>,60,Constitutional Law,C,o3-mini-high,ChatGPT,False,2025-02-10
B,B,,B,1996,252,0.000252,0.0087824,2248,0.0090344,12.277673244476318,<Response [200]>,61,Contracts,C,o3-mini-high,ChatGPT,False,2025-02-10
A,A,,A,3214,263,0.000263,0.0141416,3477,0.0144046,45.18826723098755,<Response [200]>,62,Contracts,C,o3-mini-high,ChatGPT,False,2025-02-10
D,D,,D,2253,300,0.0003,0.0099132,2553,0.0102132,13.183477878570557,<Response [200]>,63,Contracts,A,o3-mini-high,ChatGPT,False,2025-02-10
B,B,,B,2252,288,0.000288,0.0099088,2540,0.0101968,14.569315195083618,<Response [200]>,64,Contracts,B,o3-mini-high,ChatGPT,True,2025-02-10
C,C,,C,1548,274,0.000274,0.0068112,1822,0.0070852,10.212279081344604,<Response [200]>,65,Contracts,C,o3-mini-high,ChatGPT,True,2025-02-10
D,D,,D,588,325,0.000325,0.0025872,913,0.0029122,5.1756510734558105,<Response [200]>,66,Contracts,D,o3-mini-high,ChatGPT,True,2025-02-10
B,B,,B,3212,355,0.000355,0.0141328,3567,0.0144878,21.23980140686035,<Response [200]>,67,Contracts,B,o3-mini-high,ChatGPT,True,2025-02-10
B,B,,B,1292,324,0.000324,0.0056848,1616,0.0060088,9.290390014648438,<Response [200]>,68,Contracts,B,o3-mini-high,ChatGPT,True,2025-02-10
D,D,,D,1228,292,0.000292,0.0054032,1520,0.0056952,9.760648012161255,<Response [200]>,69,Contracts,D,o3-mini-high,ChatGPT,True,2025-02-10
D,D,,D,972,254,0.000254,0.0042768,1226,0.0045308,8.629294872283936,<Response [200]>,70,Contracts,D,o3-mini-high,ChatGPT,True,2025-02-10
A,A,,A,6156,275,0.000275,0.0270864,6431,0.0273614,62.78758955001831,<Response [200]>,71,Contracts,B,o3-mini-high,ChatGPT,False,2025-02-10
C,C,,C,1806,253,0.000253,0.0079464,2059,0.0081994,14.55174446105957,<Response [200]>,72,Contracts,C,o3-mini-high,ChatGPT,True,2025-02-10
B,B,,B,2828,296,0.000296,0.0124432,3124,0.0127392,34.98604369163513,<Response [200]>,73,Contracts,C,o3-mini-high,ChatGPT,False,2025-02-10
C,C,,C,2060,273,0.000273,0.009064,2333,0.009337,24.293704986572266,<Response [200]>,74,Contracts,B,o3-mini-high,ChatGPT,False,2025-02-10
A,A,,A,2124,330,0.00033,0.0093456,2454,0.0096756,26.765533447265625,<Response [200]>,75,Contracts,A,o3-mini-high,ChatGPT,True,2025-02-10
D,D,,D,4877,259,0.000259,0.0214588,5136,0.0217178,39.19490146636963,<Response [200]>,76,Contracts,C,o3-mini-high,ChatGPT,False,2025-02-10
B,B,,B,3468,299,0.000299,0.0152592,3767,0.0155582,40.889158964157104,<Response [200]>,77,Contracts,C,o3-mini-high,ChatGPT,False,2025-02-10
A,A,,A,1228,303,0.000303,0.0054032,1531,0.0057062,9.153130292892456,<Response [200]>,78,Contracts,B,o3-mini-high,ChatGPT,False,2025-02-10
D,D,,D,1548,302,0.000302,0.0068112,1850,0.0071132,10.456522941589355,<Response [200]>,79,Contracts,D,o3-mini-high,ChatGPT,True,2025-02-10
C,C,,C,10829,315,0.000315,0.0476476,11144,0.0479626,60.97404336929321,<Response [200]>,80,Contracts,C,o3-mini-high,ChatGPT,True,2025-02-10
B,B,,B,3596,297,0.000297,0.0158224,3893,0.0161194,21.901599884033203,<Response [200]>,81,Contracts,B,o3-mini-high,ChatGPT,True,2025-02-10
A,A,,A,972,319,0.000319,0.0042768,1291,0.0045958,6.503065347671509,<Response [200]>,82,Contracts,B,o3-mini-high,ChatGPT,False,2025-02-10
D,D,,D,1036,296,0.000296,0.0045584,1332,0.0048544,19.37386703491211,<Response [200]>,83,Contracts,A,o3-mini-high,ChatGPT,False,2025-02-10
A,A,,A,4171,318,0.000318,0.0183524,4489,0.0186704,25.29293465614319,<Response [200]>,84,Contracts,B,o3-mini-high,ChatGPT,False,2025-02-10
A,A,,A,971,229,0.000229,0.0042724,1200,0.0045014,33.586260080337524,<Response [200]>,85,Contracts,A,o3-mini-high,ChatGPT,True,2025-02-10
C,C,,C,5068,353,0.000353,0.0222992,5421,0.0226522,43.0378315448761,<Response [200]>,86,Contracts,D,o3-mini-high,ChatGPT,False,2025-02-10
C,C,,C,3531,269,0.000269,0.0155364,3800,0.0158054,46.29983711242676,<Response [200]>,87,Contracts,A,o3-mini-high,ChatGPT,False,2025-02-10
D,D,,D,974,266,0.000266,0.0042856,1240,0.0045516,15.975813627243042,<Response [200]>,88,Contracts,D,o3-mini-high,ChatGPT,True,2025-02-10
B,B,,B,716,296,0.000296,0.0031504,1012,0.0034464,15.834825277328491,<Response [200]>,89,Contracts,A,o3-mini-high,ChatGPT,False,2025-02-10
A,A,,A,3212,275,0.000275,0.0141328,3487,0.0144078,41.547391414642334,<Response [200]>,90,Contracts,A,o3-mini-high,ChatGPT,True,2025-02-10
B,B,,B,972,177,0.000177,0.0042768,1149,0.0044538,8.15342402458191,<Response [200]>,91,Criminal Law/Prosecution,B,o3-mini-high,ChatGPT,True,2025-02-10
A,A,,A,2572,260,0.00026,0.0113168,2832,0.0115768,18.063573598861694,<Response [200]>,92,Criminal Law/Prosecution,C,o3-mini-high,ChatGPT,False,2025-02-10
D,D,,D,5388,226,0.000226,0.0237072,5614,0.0239332,35.13090467453003,<Response [200]>,93,Criminal Law/Prosecution,D,o3-mini-high,ChatGPT,True,2025-02-10
A,A,,A,1676,323,0.000323,0.0073744,1999,0.0076974,10.01176905632019,<Response [200]>,94,Criminal Law/Prosecution,D,o3-mini-high,ChatGPT,False,2025-02-10
B,B,,B,977,251,0.000251,0.0042988,1228,0.0045498,12.662728548049927,<Response [200]>,95,Criminal Law/Prosecution,B,o3-mini-high,ChatGPT,True,2025-02-10
D,D,,D,1996,224,0.000224,0.0087824,2220,0.0090064,12.819328546524048,<Response [200]>,96,Criminal Law/Prosecution,D,o3-mini-high,ChatGPT,True,2025-02-10
D,D,,D,844,162,0.000162,0.0037136,1006,0.0038756,6.4501471519470215,<Response [200]>,97,Criminal Law/Prosecution,D,o3-mini-high,ChatGPT,True,2025-02-10
B,B,,B,1419,307,0.000307,0.0062436,1726,0.0065506,22.23400044441223,<Response [200]>,98,Criminal Law/Prosecution,B,o3-mini-high,ChatGPT,True,2025-02-10
D,D,,D,2380,207,0.000207,0.010472,2587,0.010679,14.60257363319397,<Response [200]>,99,Criminal Law/Prosecution,A,o3-mini-high,ChatGPT,False,2025-02-10
B,B,,B,2060,246,0.000246,0.009064,2306,0.00931,14.031728744506836,<Response [200]>,100,Criminal Law/Prosecution,D,o3-mini-high,ChatGPT,False,2025-02-10
D,D,,D,2766,319,0.000319,0.0121704,3085,0.0124894,20.245007038116455,<Response [200]>,101,Criminal Law/Prosecution,A,o3-mini-high,ChatGPT,False,2025-02-10
C,C,,C,1228,254,0.000254,0.0054032,1482,0.0056572,8.511454582214355,<Response [200]>,102,Criminal Law/Prosecution,C,o3-mini-high,ChatGPT,True,2025-02-10
A,A,,A,1101,257,0.000257,0.0048444,1358,0.0051014,6.986388444900513,<Response [200]>,103,Criminal Law/Prosecution,A,o3-mini-high,ChatGPT,True,2025-02-10
D,D,,D,1292,262,0.000262,0.0056848,1554,0.0059468,10.72962236404419,<Response [200]>,104,Criminal Law/Prosecution,D,o3-mini-high,ChatGPT,True,2025-02-10
D,D,,D,1102,293,0.000293,0.0048488,1395,0.0051418,7.3007800579071045,<Response [200]>,105,Criminal Law/Prosecution,D,o3-mini-high,ChatGPT,True,2025-02-10
D,D,,D,1612,216,0.000216,0.0070928,1828,0.0073088,9.536272048950195,<Response [200]>,106,Criminal Law/Prosecution,D,o3-mini-high,ChatGPT,True,2025-02-10
C,C,,C,653,236,0.000236,0.0028732,889,0.0031092,12.21247673034668,<Response [200]>,107,Criminal Law/Prosecution,C,o3-mini-high,ChatGPT,True,2025-02-10
A,A,,A,4044,273,0.000273,0.0177936,4317,0.0180666,34.18777537345886,<Response [200]>,108,Criminal Law/Prosecution,A,o3-mini-high,ChatGPT,True,2025-02-10
B,B,,B,523,291,0.000291,0.0023012,814,0.0025922,7.673156976699829,<Response [200]>,109,Criminal Law/Prosecution,B,o3-mini-high,ChatGPT,True,2025-02-10
B,B,,B,7564,275,0.000275,0.0332816,7839,0.0335566,51.56596493721008,<Response [200]>,110,Criminal Law/Prosecution,C,o3-mini-high,ChatGPT,False,2025-02-10
D,D,,D,588,263,0.000263,0.0025872,851,0.0028502,6.772922039031982,<Response [200]>,111,Criminal Law/Prosecution,D,o3-mini-high,ChatGPT,True,2025-02-10
A,A,,A,779,233,0.000233,0.0034276,1012,0.0036606,6.672762393951416,<Response [200]>,112,Criminal Law/Prosecution,A,o3-mini-high,ChatGPT,True,2025-02-10
B,B,,B,1099,256,0.000256,0.0048356,1355,0.0050916,14.11934232711792,<Response [200]>,113,Criminal Law/Prosecution,B,o3-mini-high,ChatGPT,True,2025-02-10
B,B,,B,972,304,0.000304,0.0042768,1276,0.0045808,12.452772855758667,<Response [200]>,114,Criminal Law/Prosecution,B,o3-mini-high,ChatGPT,True,2025-02-10
C,C,,C,1356,243,0.000243,0.0059664,1599,0.0062094,8.736174583435059,<Response [200]>,115,Criminal Law/Prosecution,C,o3-mini-high,ChatGPT,True,2025-02-10
D,D,,D,1420,197,0.000197,0.006248,1617,0.006445,10.719628095626831,<Response [200]>,116,Criminal Law/Prosecution,D,o3-mini-high,ChatGPT,True,2025-02-10
B,B,,B,2508,248,0.000248,0.0110352,2756,0.0112832,15.77100920677185,<Response [200]>,117,Criminal Law/Prosecution,A,o3-mini-high,ChatGPT,False,2025-02-10
D,D,,D,4428,183,0.000183,0.0194832,4611,0.0196662,34.98105978965759,<Response [200]>,118,Criminal Law/Prosecution,C,o3-mini-high,ChatGPT,False,2025-02-10
D,D,,D,908,213,0.000213,0.0039952,1121,0.0042082,6.103347539901733,<Response [200]>,119,Criminal Law/Prosecution,D,o3-mini-high,ChatGPT,True,2025-02-10
D,D,,D,2125,267,0.000267,0.00935,2392,0.009617,18.183419466018677,<Response [200]>,120,Criminal Law/Prosecution,D,o3-mini-high,ChatGPT,True,2025-02-10
D,D,,D,6156,229,0.000229,0.0270864,6385,0.0273154,48.161057233810425,<Response [200]>,121,Evidence,A,o3-mini-high,ChatGPT,False,2025-02-10
B,B,,B,4556,244,0.000244,0.0200464,4800,0.0202904,25.189763069152832,<Response [200]>,122,Evidence,B,o3-mini-high,ChatGPT,True,2025-02-10
A,A,,A,4686,249,0.000249,0.0206184,4935,0.0208674,29.75596332550049,<Response [200]>,123,Evidence,B,o3-mini-high,ChatGPT,False,2025-02-10
D,D,,D,2572,217,0.000217,0.0113168,2789,0.0115338,14.389567136764526,<Response [200]>,124,Evidence,D,o3-mini-high,ChatGPT,True,2025-02-10
C,C,,C,3532,245,0.000245,0.0155408,3777,0.0157858,19.447595357894897,<Response [200]>,125,Evidence,D,o3-mini-high,ChatGPT,False,2025-02-10
B,B,,B,2318,178,0.000178,0.0101992,2496,0.0103772,14.20675539970398,<Response [200]>,126,Evidence,B,o3-mini-high,ChatGPT,True,2025-02-10
C,C,,C,1806,240,0.00024,0.0079464,2046,0.0081864,10.591230869293213,<Response [200]>,127,Evidence,B,o3-mini-high,ChatGPT,False,2025-02-10
C,C,,C,1740,173,0.000173,0.007656,1913,0.007829,11.016018152236938,<Response [200]>,128,Evidence,C,o3-mini-high,ChatGPT,True,2025-02-10
C,C,,C,587,204,0.000204,0.0025828,791,0.0027868,5.495525121688843,<Response [200]>,129,Evidence,C,o3-mini-high,ChatGPT,True,2025-02-10
D,D,,D,1100,202,0.000202,0.00484,1302,0.005042,7.849172115325928,<Response [200]>,130,Evidence,D,o3-mini-high,ChatGPT,True,2025-02-10
C,C,,C,844,251,0.000251,0.0037136,1095,0.0039646,6.900025367736816,<Response [200]>,131,Evidence,C,o3-mini-high,ChatGPT,True,2025-02-10
C,C,,C,2060,258,0.000258,0.009064,2318,0.009322,12.956935405731201,<Response [200]>,132,Evidence,C,o3-mini-high,ChatGPT,True,2025-02-10
C,C,,C,908,281,0.000281,0.0039952,1189,0.0042762,7.5263917446136475,<Response [200]>,133,Evidence,C,o3-mini-high,ChatGPT,True,2025-02-10
D,D,,D,908,233,0.000233,0.0039952,1141,0.0042282,8.440491914749146,<Response [200]>,134,Evidence,D,o3-mini-high,ChatGPT,True,2025-02-10
D,D,,D,2188,271,0.000271,0.0096272,2459,0.0098982,14.394628524780273,<Response [200]>,135,Evidence,D,o3-mini-high,ChatGPT,True,2025-02-10
C,C,,C,1036,248,0.000248,0.0045584,1284,0.0048064,10.497179746627808,<Response [200]>,136,Evidence,C,o3-mini-high,ChatGPT,True,2025-02-10
D,D,,D,3276,266,0.000266,0.0144144,3542,0.0146804,30.120234727859497,<Response [200]>,137,Evidence,C,o3-mini-high,ChatGPT,False,2025-02-10
C,C,,C,2573,318,0.000318,0.0113212,2891,0.0116392,22.204978227615356,<Response [200]>,138,Evidence,A,o3-mini-high,ChatGPT,False,2025-02-10
D,D,,D,1548,292,0.000292,0.0068112,1840,0.0071032,21.42473077774048,<Response [200]>,139,Evidence,C,o3-mini-high,ChatGPT,False,2025-02-10
A,A,,A,1932,225,0.000225,0.0085008,2157,0.0087258,18.46403694152832,<Response [200]>,140,Evidence,A,o3-mini-high,ChatGPT,True,2025-02-10
C,C,,C,2958,227,0.000227,0.0130152,3185,0.0132422,30.380329847335815,<Response [200]>,141,Evidence,C,o3-mini-high,ChatGPT,True,2025-02-10
B,B,,B,2060,317,0.000317,0.009064,2377,0.009381,14.8183913230896,<Response [200]>,142,Evidence,B,o3-mini-high,ChatGPT,True,2025-02-10
C,C,,C,1230,255,0.000255,0.005412,1485,0.005667,9.393208026885986,<Response [200]>,143,Evidence,C,o3-mini-high,ChatGPT,True,2025-02-10
D,D,,D,3787,225,0.000225,0.0166628,4012,0.0168878,21.77764129638672,<Response [200]>,144,Evidence,A,o3-mini-high,ChatGPT,False,2025-02-10
D,D,,D,1742,207,0.000207,0.0076648,1949,0.0078718,11.178478956222534,<Response [200]>,145,Evidence,D,o3-mini-high,ChatGPT,True,2025-02-10
D,D,,D,3022,232,0.000232,0.0132968,3254,0.0135288,18.84902262687683,<Response [200]>,146,Evidence,A,o3-mini-high,ChatGPT,False,2025-02-10
D,D,,D,588,252,0.000252,0.0025872,840,0.0028392,4.668926477432251,<Response [200]>,147,Evidence,D,o3-mini-high,ChatGPT,True,2025-02-10
D,D,,D,1548,267,0.000267,0.0068112,1815,0.0070782,9.162130355834961,<Response [200]>,148,Evidence,D,o3-mini-high,ChatGPT,True,2025-02-10
C,C,,C,1741,217,0.000217,0.0076604,1958,0.0078774,12.733489513397217,<Response [200]>,149,Evidence,C,o3-mini-high,ChatGPT,True,2025-02-10
B,B,,B,1036,225,0.000225,0.0045584,1261,0.0047834,7.372890472412109,<Response [200]>,150,Evidence,B,o3-mini-high,ChatGPT,True,2025-02-10
B,B,,B,652,241,0.000241,0.0028688,893,0.0031098,5.4893879890441895,<Response [200]>,151,Torts,B,o3-mini-high,ChatGPT,True,2025-02-10
D,D,,D,3406,227,0.000227,0.0149864,3633,0.0152134,22.218034982681274,<Response [200]>,152,Torts,D,o3-mini-high,ChatGPT,True,2025-02-10
A,A,,A,716,237,0.000237,0.0031504,953,0.0033874,6.055400609970093,<Response [200]>,153,Torts,A,o3-mini-high,ChatGPT,True,2025-02-10
B,B,,B,2573,260,0.00026,0.0113212,2833,0.0115812,15.35243821144104,<Response [200]>,154,Torts,B,o3-mini-high,ChatGPT,True,2025-02-10
B,B,,B,524,236,0.000236,0.0023056,760,0.0025416,5.714028835296631,<Response [200]>,155,Torts,B,o3-mini-high,ChatGPT,True,2025-02-10
C,C,,C,1228,280,0.00028,0.0054032,1508,0.0056832,7.992412328720093,<Response [200]>,156,Torts,B,o3-mini-high,ChatGPT,False,2025-02-10
D,D,,D,4300,186,0.000186,0.01892,4486,0.019106,30.72728133201599,<Response [200]>,157,Torts,A,o3-mini-high,ChatGPT,False,2025-02-10
A,A,,A,1036,311,0.000311,0.0045584,1347,0.0048694,7.225120782852173,<Response [200]>,158,Torts,A,o3-mini-high,ChatGPT,True,2025-02-10
D,D,,D,1294,305,0.000305,0.0056936,1599,0.0059986,8.950211524963379,<Response [200]>,159,Torts,D,o3-mini-high,ChatGPT,True,2025-02-10
C,C,,C,3534,214,0.000214,0.0155496,3748,0.0157636,20.215851068496704,<Response [200]>,160,Torts,D,o3-mini-high,ChatGPT,False,2025-02-10
C,C,,C,844,286,0.000286,0.0037136,1130,0.0039996,6.980330944061279,<Response [200]>,161,Torts,C,o3-mini-high,ChatGPT,True,2025-02-10
D,D,,D,1100,201,0.000201,0.00484,1301,0.005041,16.235545873641968,<Response [200]>,162,Torts,D,o3-mini-high,ChatGPT,True,2025-02-10
D,D,,D,1163,272,0.000272,0.0051172,1435,0.0053892,8.66593885421753,<Response [200]>,163,Torts,D,o3-mini-high,ChatGPT,True,2025-02-10
A,A,,A,1420,329,0.000329,0.006248,1749,0.006577,8.655579805374146,<Response [200]>,164,Torts,A,o3-mini-high,ChatGPT,True,2025-02-10
C,C,,C,1804,365,0.000365,0.0079376,2169,0.0083026,20.24199390411377,<Response [200]>,165,Torts,C,o3-mini-high,ChatGPT,True,2025-02-10
B,B,,B,1100,384,0.000384,0.00484,1484,0.005224,13.6477210521698,<Response [200]>,166,Torts,B,o3-mini-high,ChatGPT,True,2025-02-10
C,C,,C,2763,233,0.000233,0.0121572,2996,0.0123902,16.454953908920288,<Response [200]>,167,Torts,C,o3-mini-high,ChatGPT,True,2025-02-10
A,A,,A,5260,330,0.00033,0.023144,5590,0.023474,36.89253830909729,<Response [200]>,168,Torts,A,o3-mini-high,ChatGPT,True,2025-02-10
B,B,,B,1419,251,0.000251,0.0062436,1670,0.0064946,11.839764595031738,<Response [200]>,169,Torts,B,o3-mini-high,ChatGPT,True,2025-02-10
C,C,,C,1163,190,0.00019,0.0051172,1353,0.0053072,11.532891988754272,<Response [200]>,170,Torts,C,o3-mini-high,ChatGPT,True,2025-02-10
B,B,,B,331,245,0.000245,0.0014564,576,0.0017014,3.318138837814331,<Response [200]>,171,Torts,B,o3-mini-high,ChatGPT,True,2025-02-10
C,C,,C,588,353,0.000353,0.0025872,941,0.0029402,4.767715930938721,<Response [200]>,172,Torts,C,o3-mini-high,ChatGPT,True,2025-02-10
C,C,,C,1355,189,0.000189,0.005962,1544,0.006151,8.681413650512695,<Response [200]>,173,Torts,A,o3-mini-high,ChatGPT,False,2025-02-10
C,C,,C,524,227,0.000227,0.0023056,751,0.0025326,4.966958522796631,<Response [200]>,174,Torts,C,o3-mini-high,ChatGPT,True,2025-02-10
C,C,,C,1806,274,0.000274,0.0079464,2080,0.0082204,11.196611881256104,<Response [200]>,175,Torts,C,o3-mini-high,ChatGPT,True,2025-02-10
D,D,,D,844,274,0.000274,0.0037136,1118,0.0039876,5.7281482219696045,<Response [200]>,176,Torts,D,o3-mini-high,ChatGPT,True,2025-02-10
B,B,,B,4236,233,0.000233,0.0186384,4469,0.0188714,30.316668272018433,<Response [200]>,177,Torts,B,o3-mini-high,ChatGPT,True,2025-02-10
A,A,,A,908,335,0.000335,0.0039952,1243,0.0043302,7.140697479248047,<Response [200]>,178,Torts,A,o3-mini-high,ChatGPT,True,2025-02-10
D,D,,D,1356,245,0.000245,0.0059664,1601,0.0062114,8.826742887496948,<Response [200]>,179,Torts,D,o3-mini-high,ChatGPT,True,2025-02-10
D,D,,D,2894,268,0.000268,0.0127336,3162,0.0130016,23.807300329208374,<Response [200]>,180,Torts,D,o3-mini-high,ChatGPT,True,2025-02-10
D,D,,D,1612,238,0.000238,0.0070928,1850,0.0073308,13.888269186019897,<Response [200]>,181,Real Property,C,o3-mini-high,ChatGPT,False,2025-02-10
B,B,,B,3980,298,0.000298,0.017512,4278,0.01781,23.014842748641968,<Response [200]>,182,Real Property,B,o3-mini-high,ChatGPT,True,2025-02-10
A,A,,A,3340,336,0.000336,0.014696,3676,0.015032,22.78924322128296,<Response [200]>,183,Real Property,A,o3-mini-high,ChatGPT,True,2025-02-10
A,A,,A,2187,408,0.000408,0.0096228,2595,0.0100308,12.178240299224854,<Response [200]>,184,Real Property,A,o3-mini-high,ChatGPT,True,2025-02-10
A,A,,A,1484,262,0.000262,0.0065296,1746,0.0067916,9.509291887283325,<Response [200]>,185,Real Property,A,o3-mini-high,ChatGPT,True,2025-02-10
C,C,,C,1164,333,0.000333,0.0051216,1497,0.0054546,6.810177564620972,<Response [200]>,186,Real Property,C,o3-mini-high,ChatGPT,True,2025-02-10
A,A,,A,1740,246,0.000246,0.007656,1986,0.007902,10.499130010604858,<Response [200]>,187,Real Property,A,o3-mini-high,ChatGPT,True,2025-02-10
D,D,,D,972,212,0.000212,0.0042768,1184,0.0044888,6.617200613021851,<Response [200]>,188,Real Property,D,o3-mini-high,ChatGPT,True,2025-02-10
D,D,,D,9996,285,0.000285,0.0439824,10281,0.0442674,56.40314483642578,<Response [200]>,189,Real Property,D,o3-mini-high,ChatGPT,True,2025-02-10
D,D,,D,1868,322,0.000322,0.0082192,2190,0.0085412,10.988247156143188,<Response [200]>,190,Real Property,A,o3-mini-high,ChatGPT,False,2025-02-10
C,C,,C,652,269,0.000269,0.0028688,921,0.0031378,5.739099740982056,<Response [200]>,191,Real Property,C,o3-mini-high,ChatGPT,True,2025-02-10
C,C,,C,2444,285,0.000285,0.0107536,2729,0.0110386,17.765178680419922,<Response [200]>,192,Real Property,B,o3-mini-high,ChatGPT,False,2025-02-10
A,A,,A,1868,308,0.000308,0.0082192,2176,0.0085272,11.055649280548096,<Response [200]>,193,Real Property,A,o3-mini-high,ChatGPT,True,2025-02-10
D,D,,D,1420,238,0.000238,0.006248,1658,0.006486,9.581001996994019,<Response [200]>,194,Real Property,D,o3-mini-high,ChatGPT,True,2025-02-10
A,A,,A,2188,334,0.000334,0.0096272,2522,0.0099612,13.058339595794678,<Response [200]>,195,Real Property,A,o3-mini-high,ChatGPT,True,2025-02-10
D,D,,D,2444,259,0.000259,0.0107536,2703,0.0110126,14.966613054275513,<Response [200]>,196,Real Property,D,o3-mini-high,ChatGPT,True,2025-02-10
C,C,,C,588,324,0.000324,0.0025872,912,0.0029112,5.413160085678101,<Response [200]>,197,Real Property,C,o3-mini-high,ChatGPT,True,2025-02-10
A,A,,A,4043,298,0.000298,0.0177892,4341,0.0180872,24.362475872039795,<Response [200]>,198,Real Property,A,o3-mini-high,ChatGPT,True,2025-02-10
B,B,,B,1996,281,0.000281,0.0087824,2277,0.0090634,13.033930540084839,<Response [200]>,199,Real Property,B,o3-mini-high,ChatGPT,True,2025-02-10
D,D,,D,716,302,0.000302,0.0031504,1018,0.0034524,6.3684844970703125,<Response [200]>,200,Real Property,D,o3-mini-high,ChatGPT,True,2025-02-10
C,C,,C,4238,301,0.000301,0.0186472,4539,0.0189482,33.372926473617554,<Response [200]>,201,Real Property,C,o3-mini-high,ChatGPT,True,2025-02-10
C,C,,C,3406,316,0.000316,0.0149864,3722,0.0153024,27.700686931610107,<Response [200]>,202,Real Property,C,o3-mini-high,ChatGPT,True,2025-02-10
D,D,,D,651,233,0.000233,0.0028644,884,0.0030974,5.098625183105469,<Response [200]>,203,Real Property,D,o3-mini-high,ChatGPT,True,2025-02-10
D,D,,D,4686,257,0.000257,0.0206184,4943,0.0208754,31.270248889923096,<Response [200]>,204,Real Property,B,o3-mini-high,ChatGPT,False,2025-02-10
D,D,,D,5452,303,0.000303,0.0239888,5755,0.0242918,30.890215635299683,<Response [200]>,205,Real Property,A,o3-mini-high,ChatGPT,False,2025-02-10
C,C,,C,3212,265,0.000265,0.0141328,3477,0.0143978,18.346004724502563,<Response [200]>,206,Real Property,D,o3-mini-high,ChatGPT,False,2025-02-10
D,D,,D,972,243,0.000243,0.0042768,1215,0.0045198,6.3356614112854,<Response [200]>,207,Real Property,D,o3-mini-high,ChatGPT,True,2025-02-10
C,C,,C,5195,303,0.000303,0.022858,5498,0.023161,29.666224002838135,<Response [200]>,208,Real Property,C,o3-mini-high,ChatGPT,True,2025-02-10
C,C,,C,4876,339,0.000339,0.0214544,5215,0.0217934,27.850301504135132,<Response [200]>,209,Real Property,A,o3-mini-high,ChatGPT,False,2025-02-10
A,A,,A,1228,299,0.000299,0.0054032,1527,0.0057022,9.405324459075928,<Response [200]>,210,Real Property,A,o3-mini-high,ChatGPT,True,2025-02-10
